disease,pgs_id,family,trait,pgs_auc,module_auc,margin,is_clean
Ankylosing_Spondylitis,PGS003423,Ankylosing_Spondylitis,Ankylosing spondylitis,0.5019,0.7442,0.2423,True
Ankylosing_Spondylitis,PGS003421,Ankylosing_Spondylitis,Ankylosing spondylitis,0.5247,0.7442,0.2195,True
Ankylosing_Spondylitis,PGS003422,Ankylosing_Spondylitis,Ankylosing spondylitis,0.5247,0.7442,0.2195,True
Ankylosing_Spondylitis,PGS000197,Ankylosing_Spondylitis,Spondyloarthroparthy,0.5543,0.7442,0.1899,True
Ankylosing_Spondylitis,PGS003420,Ankylosing_Spondylitis,Ankylosing spondylitis,0.5666,0.7442,0.1776,True
Ankylosing_Spondylitis,PGS001268,Ankylosing_Spondylitis,Ankylosing spondylitis (time-to-event),0.6665,0.7442,0.0777,True
Ankylosing_Spondylitis,PGS001267,Ankylosing_Spondylitis,Ankylosing spondylitis,0.6668,0.7442,0.0774,True
Ankylosing_Spondylitis,PGS003424,Ankylosing_Spondylitis,Ankylosing spondylitis,0.6722,0.7442,0.072,True
Ankylosing_Spondylitis,PGS001876,Ankylosing_Spondylitis,Ankylosing spondylitis,0.6978,0.7442,0.0464,True
Ankylosing_Spondylitis,PGS002089,Ankylosing_Spondylitis,Ankylosing spondylitis,0.7318,0.7442,0.0124,True
Asthma,PGS002432,Asthma,Asthma,0.5008,0.9769,0.4761,True
Asthma,PGS002579,Asthma,Asthma,0.5008,0.9769,0.4761,True
Asthma,PGS003487,Asthma,General atopic disease (IL-4 related variants),0.502,0.9769,0.4749,True
Asthma,PGS001109,Asthma,Vasomotor and allergic rhinitis (time-to-event),0.5032,0.9769,0.4737,True
Asthma,PGS000799,Asthma,Asthma,0.5066,0.9769,0.4703,True
Asthma,PGS000037,Asthma,Asthma,0.5079,0.9769,0.469,True
Asthma,PGS001372,Asthma,Age hayfever or allergic rhinitis diagnosed by doctor,0.5082,0.9769,0.4687,True
Asthma,PGS001344,Asthma,Asthma (diagnosed by doctor),0.5086,0.9769,0.4683,True
Asthma,PGS001341,Asthma,Asthma,0.5093,0.9769,0.4676,True
Asthma,PGS002530,Asthma,Asthma,0.5107,0.9769,0.4662,True
Asthma,PGS004252,Asthma,Asthma,0.5116,0.9769,0.4653,True
Asthma,PGS004277,Asthma,Asthma,0.5147,0.9769,0.4622,True
Asthma,PGS004278,Asthma,Asthma,0.5158,0.9769,0.4611,True
Asthma,PGS001284,Asthma,"Allergic disease (hay fever, allergic rhinitis, or eczema)",0.5166,0.9769,0.4603,True
Asthma,PGS000810,Asthma,"Allergic disease (asthma, hay fever or eczema)",0.5219,0.9769,0.455,True
Asthma,PGS001343,Asthma,Asthma (algorithmically-defined),0.5219,0.9769,0.455,True
Asthma,PGS005121,Asthma,Asthma,0.5221,0.9769,0.4548,True
Asthma,PGS000800,Asthma,Allergic disease,0.5257,0.9769,0.4512,True
Asthma,PGS001346,Asthma,Asthma (time-to-event),0.5274,0.9769,0.4495,True
Asthma,PGS000780,Asthma,Allergic disease,0.5287,0.9769,0.4482,True
Asthma,PGS004439,Asthma,Asthma,0.5298,0.9769,0.4471,True
Asthma,PGS003488,Asthma,General atopic disease (IL-12 related variants),0.5317,0.9769,0.4452,True
Asthma,PGS004509,Asthma,Asthma,0.5327,0.9769,0.4442,True
Asthma,PGS004537,Asthma,J45 (Asthma),0.539,0.9769,0.4379,True
Asthma,PGS004467,Asthma,J45 (Asthma),0.5393,0.9769,0.4376,True
Asthma,PGS004275,Asthma,Asthma,0.5423,0.9769,0.4346,True
Asthma,PGS005126,Asthma,Asthma,0.5444,0.9769,0.4325,True
Asthma,PGS005141,Asthma,Asthma,0.5445,0.9769,0.4324,True
Asthma,PGS005148,Asthma,Asthma,0.5447,0.9769,0.4322,True
Asthma,PGS000867,Asthma,Allergy,0.547,0.9769,0.4299,True
Asthma,PGS004179,Asthma,Asthma,0.5503,0.9769,0.4266,True
Asthma,PGS001787,Asthma,Asthma,0.5508,0.9769,0.4261,True
Asthma,PGS001283,Asthma,"Allergic disease (hay fever, rhinitis or eczema)",0.5518,0.9769,0.4251,True
Asthma,PGS002248,Asthma,Childhood asthma,0.5522,0.9769,0.4247,True
Asthma,PGS004724,Asthma,Asthma,0.5539,0.9769,0.423,True
Asthma,PGS004726,Asthma,Asthma,0.5539,0.9769,0.423,True
Asthma,PGS005128,Asthma,Asthma,0.5542,0.9769,0.4227,True
Asthma,PGS005129,Asthma,Asthma,0.5544,0.9769,0.4225,True
Asthma,PGS000769,Asthma,Response to bronchodilator (albutamol),0.5547,0.9769,0.4222,True
Asthma,PGS002481,Asthma,Asthma,0.5561,0.9769,0.4208,True
Asthma,PGS005140,Asthma,Asthma,0.5572,0.9769,0.4197,True
Asthma,PGS001345,Asthma,Asthma (diagnosed by doctor),0.5604,0.9769,0.4165,True
Asthma,PGS005136,Asthma,Asthma,0.561,0.9769,0.4159,True
Asthma,PGS003489,Asthma,General atopic disease (IL-17 related variants),0.5623,0.9769,0.4146,True
Asthma,PGS002727,Asthma,Asthma,0.5627,0.9769,0.4142,True
Asthma,PGS004276,Asthma,Asthma,0.5627,0.9769,0.4142,True
Asthma,PGS005135,Asthma,Asthma,0.5638,0.9769,0.4131,True
Asthma,PGS005123,Asthma,Asthma,0.5645,0.9769,0.4124,True
Asthma,PGS002383,Asthma,Asthma,0.565,0.9769,0.4119,True
Asthma,PGS005131,Asthma,Asthma,0.5656,0.9769,0.4113,True
Asthma,PGS004877,Asthma,Asthma,0.5669,0.9769,0.41,True
Asthma,PGS005132,Asthma,Asthma,0.569,0.9769,0.4079,True
Asthma,PGS004176,Asthma,Asthma,0.5697,0.9769,0.4072,True
Asthma,PGS005139,Asthma,Asthma,0.571,0.9769,0.4059,True
Asthma,PGS002628,Asthma,Asthma,0.5712,0.9769,0.4057,True
Asthma,PGS004180,Asthma,Asthma,0.5715,0.9769,0.4054,True
Asthma,PGS005138,Asthma,Asthma,0.5721,0.9769,0.4048,True
Asthma,PGS004725,Asthma,Asthma,0.573,0.9769,0.4039,True
Asthma,PGS004177,Asthma,Asthma,0.5754,0.9769,0.4015,True
Asthma,PGS005125,Asthma,Asthma,0.5774,0.9769,0.3995,True
Asthma,PGS001370,Asthma,Age asthma diagnosed,0.5776,0.9769,0.3993,True
Asthma,PGS002061,Asthma,Asthma,0.5789,0.9769,0.398,True
Asthma,PGS005124,Asthma,Asthma,0.5803,0.9769,0.3966,True
Asthma,PGS002358,Asthma,Asthma,0.5805,0.9769,0.3964,True
Asthma,PGS004723,Asthma,Asthma,0.5814,0.9769,0.3955,True
Asthma,PGS005133,Asthma,Asthma,0.5815,0.9769,0.3954,True
Asthma,PGS001849,Asthma,Asthma,0.5838,0.9769,0.3931,True
Asthma,PGS002677,Asthma,Asthma,0.5839,0.9769,0.393,True
Asthma,PGS005122,Asthma,Asthma,0.5839,0.9769,0.393,True
Asthma,PGS004279,Asthma,Asthma,0.5854,0.9769,0.3915,True
Asthma,PGS005130,Asthma,Asthma,0.5899,0.9769,0.387,True
Asthma,PGS001782,Asthma,Asthma,0.5918,0.9769,0.3851,True
Asthma,PGS004178,Asthma,Asthma,0.5968,0.9769,0.3801,True
Asthma,PGS002311,Asthma,Asthma,0.5996,0.9769,0.3773,True
Asthma,PGS005127,Asthma,Asthma,0.6002,0.9769,0.3767,True
Asthma,PGS005134,Asthma,Asthma,0.6099,0.9769,0.367,True
Asthma,PGS005137,Asthma,Asthma,0.6202,0.9769,0.3567,True
Asthma,PGS002754,Asthma,Asthma,0.6375,0.9769,0.3394,True
Atopic_Dermatitis,PGS002395,Eczema,Eczema,0.5006,0.9914,0.4908,True
Atopic_Dermatitis,PGS002323,Eczema,Eczema,0.5009,0.9914,0.4905,True
Atopic_Dermatitis,PGS002689,Eczema,Eczema,0.5055,0.9914,0.4859,True
Atopic_Dermatitis,PGS004903,Eczema,Atopic dermatitis,0.5138,0.9914,0.4776,True
Atopic_Dermatitis,PGS002591,Eczema,Eczema,0.521,0.9914,0.4704,True
Atopic_Dermatitis,PGS002542,Eczema,Eczema,0.5359,0.9914,0.4555,True
Atopic_Dermatitis,PGS002755,Eczema,Atopic dermatitis,0.5395,0.9914,0.4519,True
Atopic_Dermatitis,PGS002444,Eczema,Eczema,0.5416,0.9914,0.4498,True
Atopic_Dermatitis,PGS002363,Eczema,Eczema,0.5467,0.9914,0.4447,True
Atopic_Dermatitis,PGS002640,Eczema,Eczema,0.5519,0.9914,0.4395,True
Atopic_Dermatitis,PGS001773,Eczema,Moderate-to-severe atopic dermatitis,0.5533,0.9914,0.4381,True
Atopic_Dermatitis,PGS004587,Eczema,Atopic dermatitis,0.5554,0.9914,0.436,True
Atopic_Dermatitis,PGS003459,Eczema,Atopic eczema or atopic disease,0.5607,0.9914,0.4307,True
Atopic_Dermatitis,PGS002493,Eczema,Eczema,0.566,0.9914,0.4254,True
Atopic_Dermatitis,PGS003486,Eczema,Atopic eczema,0.5713,0.9914,0.4201,True
Atopic_Dermatitis,PGS000944,Eczema,"Eczema, dermatitis",0.5912,0.9914,0.4002,True
Bipolar,PGS002788,Bipolar_Disorder,Type 2 bipolar disorder,0.508,0.9129,0.4049,True
Bipolar,PGS002786,Bipolar_Disorder,Bipolar disorder,0.6826,0.9129,0.2303,True
Bipolar,PGS002787,Bipolar_Disorder,Type 1 bipolar disorder,0.7211,0.9129,0.1918,True
Breast_Cancer,PGS005105,Breast_Cancer,ER-positive breast cancer,0.5021,0.9403,0.4382,True
Breast_Cancer,PGS000029,Breast_Cancer,Breast cancer,0.5061,0.9403,0.4342,True
Breast_Cancer,PGS000493,Breast_Cancer,Breast cancer (female),0.5061,0.9403,0.4342,True
Breast_Cancer,PGS000003,Breast_Cancer,ER-negative breast cancer,0.5065,0.9403,0.4338,True
Breast_Cancer,PGS004894,Breast_Cancer,Estrogen receptor positive breast cancer,0.5077,0.9403,0.4326,True
Breast_Cancer,PGS000517,Breast_Cancer,Breast cancer (female),0.5106,0.9403,0.4297,True
Breast_Cancer,PGS000518,Breast_Cancer,Breast cancer (female),0.5106,0.9403,0.4297,True
Breast_Cancer,PGS000519,Breast_Cancer,Breast cancer (female),0.5143,0.9403,0.426,True
Breast_Cancer,PGS000521,Breast_Cancer,Breast cancer (female),0.5164,0.9403,0.4239,True
Breast_Cancer,PGS004893,Breast_Cancer,Breast cancer,0.523,0.9403,0.4173,True
Breast_Cancer,PGS000216,Breast_Cancer,Breast cancer intrinsic-like subtype (triple negative),0.5234,0.9403,0.4169,True
Breast_Cancer,PGS000047,Breast_Cancer,Estrogen receptor [ER]-negative breast cancer,0.5267,0.9403,0.4136,True
Breast_Cancer,PGS005104,Breast_Cancer,Breast cancer,0.5278,0.9403,0.4125,True
Breast_Cancer,PGS000488,Breast_Cancer,Breast cancer (female),0.5303,0.9403,0.41,True
Breast_Cancer,PGS000486,Breast_Cancer,Breast cancer (female),0.5325,0.9403,0.4078,True
Breast_Cancer,PGS003758,Breast_Cancer,Breast cancer,0.5342,0.9403,0.4061,True
Breast_Cancer,PGS000520,Breast_Cancer,Breast cancer (female),0.5361,0.9403,0.4042,True
Breast_Cancer,PGS000522,Breast_Cancer,Breast cancer (female),0.5394,0.9403,0.4009,True
Breast_Cancer,PGS000489,Breast_Cancer,Breast cancer (female),0.5408,0.9403,0.3995,True
Breast_Cancer,PGS000490,Breast_Cancer,Breast cancer (female),0.5408,0.9403,0.3995,True
Breast_Cancer,PGS000494,Breast_Cancer,Breast cancer (female),0.5408,0.9403,0.3995,True
Breast_Cancer,PGS000524,Breast_Cancer,Breast cancer (female),0.5415,0.9403,0.3988,True
Breast_Cancer,PGS004611,Breast_Cancer,Breast cancer,0.545,0.9403,0.3953,True
Breast_Cancer,PGS000212,Breast_Cancer,Breast cancer intrinsic-like subtype (luminal A-like),0.5468,0.9403,0.3935,True
Breast_Cancer,PGS003396,Breast_Cancer,Breast cancer,0.5468,0.9403,0.3935,True
Breast_Cancer,PGS000485,Breast_Cancer,Breast cancer (female),0.5473,0.9403,0.393,True
Breast_Cancer,PGS000487,Breast_Cancer,Breast cancer (female),0.5473,0.9403,0.393,True
Breast_Cancer,PGS000006,Breast_Cancer,ER-negative breast cancer,0.5496,0.9403,0.3907,True
Breast_Cancer,PGS005106,Breast_Cancer,ER-negative breast cancer,0.5502,0.9403,0.3901,True
Breast_Cancer,PGS000775,Breast_Cancer,Estrogen receptor negative breast cancer,0.5515,0.9403,0.3888,True
Breast_Cancer,PGS004895,Breast_Cancer,Estrogen receptor negative breast cancer,0.5526,0.9403,0.3877,True
Breast_Cancer,PGS000028,Breast_Cancer,Breast cancer,0.553,0.9403,0.3873,True
Breast_Cancer,PGS000072,Breast_Cancer,Breast cancer,0.553,0.9403,0.3873,True
Breast_Cancer,PGS000153,Breast_Cancer,Breast cancer,0.5557,0.9403,0.3846,True
Breast_Cancer,PGS000213,Breast_Cancer,Breast cancer intrinsic-like subtype (luminal B/HER2-negative-like),0.557,0.9403,0.3833,True
Breast_Cancer,PGS000347,Breast_Cancer,Estrogen receptor positive breast cancer,0.5585,0.9403,0.3818,True
Breast_Cancer,PGS000491,Breast_Cancer,Breast cancer (female),0.56,0.9403,0.3803,True
Breast_Cancer,PGS000346,Breast_Cancer,Estrogen receptor negative breast cancer,0.5601,0.9403,0.3802,True
Breast_Cancer,PGS003399,Breast_Cancer,Breast cancer,0.5608,0.9403,0.3795,True
Breast_Cancer,PGS000344,Breast_Cancer,Breast cancer,0.5614,0.9403,0.3789,True
Breast_Cancer,PGS000046,Breast_Cancer,Estrogen receptor [ER]-positive breast cancer,0.5639,0.9403,0.3764,True
Breast_Cancer,PGS000050,Breast_Cancer,Breast cancer,0.5667,0.9403,0.3736,True
Breast_Cancer,PGS004890,Breast_Cancer,Triple negative breast cancer versus luminal breast cancer,0.5671,0.9403,0.3732,True
Breast_Cancer,PGS001337,Breast_Cancer,Family history of breast cancer,0.5676,0.9403,0.3727,True
Breast_Cancer,PGS003759,Breast_Cancer,Breast cancer,0.5682,0.9403,0.3721,True
Breast_Cancer,PGS000005,Breast_Cancer,ER-positive breast cancer,0.5684,0.9403,0.3719,True
Breast_Cancer,PGS000345,Breast_Cancer,Breast cancer,0.5687,0.9403,0.3716,True
Breast_Cancer,PGS000004,Breast_Cancer,Breast cancer,0.5688,0.9403,0.3715,True
Breast_Cancer,PGS000502,Breast_Cancer,Breast cancer (female),0.5701,0.9403,0.3702,True
Breast_Cancer,PGS000783,Breast_Cancer,Breast cancer,0.5707,0.9403,0.3696,True
Breast_Cancer,PGS000492,Breast_Cancer,Breast cancer (female),0.571,0.9403,0.3693,True
Breast_Cancer,PGS002242,Breast_Cancer,Breast cancer,0.5733,0.9403,0.367,True
Breast_Cancer,PGS004867,Breast_Cancer,ER-negative breast cancer,0.5743,0.9403,0.366,True
Breast_Cancer,PGS004242,Breast_Cancer,Breast cancer,0.5745,0.9403,0.3658,True
Breast_Cancer,PGS000214,Breast_Cancer,Breast cancer intrinsic-like subtype (luminal B-like),0.5748,0.9403,0.3655,True
Breast_Cancer,PGS000009,Breast_Cancer,ER-negative breast cancer,0.575,0.9403,0.3653,True
Breast_Cancer,PGS000045,Breast_Cancer,Breast cancer,0.5754,0.9403,0.3649,True
Breast_Cancer,PGS003738,Breast_Cancer,Breast cancer,0.576,0.9403,0.3643,True
Breast_Cancer,PGS000008,Breast_Cancer,ER-positive breast cancer,0.5774,0.9403,0.3629,True
Breast_Cancer,PGS000523,Breast_Cancer,Breast cancer (female),0.5776,0.9403,0.3627,True
Breast_Cancer,PGS000484,Breast_Cancer,Breast cancer (female),0.5782,0.9403,0.3621,True
Breast_Cancer,PGS004296,Breast_Cancer,Breast cancer,0.5787,0.9403,0.3616,True
Breast_Cancer,PGS000482,Breast_Cancer,Breast cancer (female),0.5793,0.9403,0.361,True
Breast_Cancer,PGS000873,Breast_Cancer,Breast cancer,0.5801,0.9403,0.3602,True
Breast_Cancer,PGS000215,Breast_Cancer,Breast cancer intrinsic-like subtype (HER2-enriched-like),0.5803,0.9403,0.36,True
Breast_Cancer,PGS000007,Breast_Cancer,Breast cancer,0.5808,0.9403,0.3595,True
Breast_Cancer,PGS000001,Breast_Cancer,Breast cancer,0.5829,0.9403,0.3574,True
Breast_Cancer,PGS004168,Breast_Cancer,Breast cancer,0.5849,0.9403,0.3554,True
Breast_Cancer,PGS001336,Breast_Cancer,Breast cancer,0.5895,0.9403,0.3508,True
Breast_Cancer,PGS004295,Breast_Cancer,Breast cancer,0.5895,0.9403,0.3508,True
Breast_Cancer,PGS000480,Breast_Cancer,Breast cancer (female),0.5905,0.9403,0.3498,True
Breast_Cancer,PGS000051,Breast_Cancer,Breast cancer,0.5906,0.9403,0.3497,True
Breast_Cancer,PGS004297,Breast_Cancer,Breast cancer,0.5908,0.9403,0.3495,True
Breast_Cancer,PGS000476,Breast_Cancer,Breast cancer (female),0.592,0.9403,0.3483,True
Breast_Cancer,PGS002015,Breast_Cancer,Breast cancer (female),0.5926,0.9403,0.3477,True
Breast_Cancer,PGS004298,Breast_Cancer,Breast cancer,0.593,0.9403,0.3473,True
Breast_Cancer,PGS000773,Breast_Cancer,Breast cancer,0.5934,0.9403,0.3469,True
Breast_Cancer,PGS003398,Breast_Cancer,Breast cancer,0.5934,0.9403,0.3469,True
Breast_Cancer,PGS000002,Breast_Cancer,ER-positive breast cancer,0.5936,0.9403,0.3467,True
Breast_Cancer,PGS000317,Breast_Cancer,Breast cancer,0.5939,0.9403,0.3464,True
Breast_Cancer,PGS001778,Breast_Cancer,Breast cancer,0.5945,0.9403,0.3458,True
Breast_Cancer,PGS000513,Breast_Cancer,Breast cancer (female),0.5954,0.9403,0.3449,True
Breast_Cancer,PGS000515,Breast_Cancer,Breast cancer (female),0.5958,0.9403,0.3445,True
Breast_Cancer,PGS001804,Breast_Cancer,Breast cancer (female),0.5967,0.9403,0.3436,True
Breast_Cancer,PGS000774,Breast_Cancer,Estrogen receptor positive breast cancer,0.5978,0.9403,0.3425,True
Breast_Cancer,PGS000501,Breast_Cancer,Breast cancer (female),0.5983,0.9403,0.342,True
Breast_Cancer,PGS000525,Breast_Cancer,Breast cancer (female),0.5994,0.9403,0.3409,True
Breast_Cancer,PGS000526,Breast_Cancer,Breast cancer (female),0.5994,0.9403,0.3409,True
Breast_Cancer,PGS004137,Breast_Cancer,Breast cancer,0.6041,0.9403,0.3362,True
Breast_Cancer,PGS000478,Breast_Cancer,Breast cancer (female),0.6042,0.9403,0.3361,True
Breast_Cancer,PGS000015,Breast_Cancer,Breast cancer,0.6049,0.9403,0.3354,True
Breast_Cancer,PGS000530,Breast_Cancer,Breast cancer (female),0.6058,0.9403,0.3345,True
Breast_Cancer,PGS000497,Breast_Cancer,Breast cancer (female),0.6059,0.9403,0.3344,True
Breast_Cancer,PGS000498,Breast_Cancer,Breast cancer (female),0.6059,0.9403,0.3344,True
Breast_Cancer,PGS003380,Breast_Cancer,Breast cancer,0.607,0.9403,0.3333,True
Breast_Cancer,PGS000052,Breast_Cancer,Breast cancer,0.6078,0.9403,0.3325,True
Breast_Cancer,PGS000537,Breast_Cancer,Breast cancer (female),0.6104,0.9403,0.3299,True
Breast_Cancer,PGS000540,Breast_Cancer,Breast cancer (female),0.6123,0.9403,0.328,True
Breast_Cancer,PGS000532,Breast_Cancer,Breast cancer (female),0.6127,0.9403,0.3276,True
Breast_Cancer,PGS000481,Breast_Cancer,Breast cancer (female),0.613,0.9403,0.3273,True
Breast_Cancer,PGS000529,Breast_Cancer,Breast cancer (female),0.6143,0.9403,0.326,True
Breast_Cancer,PGS000474,Breast_Cancer,Breast cancer (female),0.6149,0.9403,0.3254,True
Breast_Cancer,PGS000538,Breast_Cancer,Breast cancer (female),0.6163,0.9403,0.324,True
Breast_Cancer,PGS003397,Breast_Cancer,Breast cancer,0.6178,0.9403,0.3225,True
Breast_Cancer,PGS004169,Breast_Cancer,Breast cancer,0.6209,0.9403,0.3194,True
Breast_Cancer,PGS004865,Breast_Cancer,Breast cancer,0.6212,0.9403,0.3191,True
Breast_Cancer,PGS000472,Breast_Cancer,Breast cancer (female),0.6218,0.9403,0.3185,True
Breast_Cancer,PGS004167,Breast_Cancer,Breast cancer,0.625,0.9403,0.3153,True
Breast_Cancer,PGS004866,Breast_Cancer,ER-positive breast cancer,0.6254,0.9403,0.3149,True
Breast_Cancer,PGS000533,Breast_Cancer,Breast cancer (female),0.6264,0.9403,0.3139,True
Breast_Cancer,PGS000534,Breast_Cancer,Breast cancer (female),0.6264,0.9403,0.3139,True
Breast_Cancer,PGS000539,Breast_Cancer,Breast cancer (female),0.6267,0.9403,0.3136,True
Breast_Cancer,PGS005164,Breast_Cancer,Breast cancer,0.6279,0.9403,0.3124,True
Breast_Cancer,PGS000475,Breast_Cancer,Breast cancer (female),0.6311,0.9403,0.3092,True
Breast_Cancer,PGS004170,Breast_Cancer,Breast cancer,0.6316,0.9403,0.3087,True
Breast_Cancer,PGS000504,Breast_Cancer,Breast cancer (female),0.6323,0.9403,0.308,True
Breast_Cancer,PGS000505,Breast_Cancer,Breast cancer (female),0.6357,0.9403,0.3046,True
Breast_Cancer,PGS000506,Breast_Cancer,Breast cancer (female),0.6357,0.9403,0.3046,True
Breast_Cancer,PGS002294,Breast_Cancer,Breast cancer,0.6376,0.9403,0.3027,True
Breast_Cancer,PGS000479,Breast_Cancer,Breast cancer (female),0.6377,0.9403,0.3026,True
Breast_Cancer,PGS004166,Breast_Cancer,Breast cancer,0.638,0.9403,0.3023,True
Breast_Cancer,PGS000483,Breast_Cancer,Breast cancer (female),0.6401,0.9403,0.3002,True
Breast_Cancer,PGS000473,Breast_Cancer,Breast cancer (female),0.6427,0.9403,0.2976,True
Breast_Cancer,PGS000477,Breast_Cancer,Breast cancer (female),0.6461,0.9403,0.2942,True
Breast_Cancer,PGS000514,Breast_Cancer,Breast cancer (female),0.6461,0.9403,0.2942,True
Breast_Cancer,PGS004083,Breast_Cancer,Breast cancer,0.6527,0.9403,0.2876,True
Breast_Cancer,PGS004123,Breast_Cancer,Breast cancer,0.6544,0.9403,0.2859,True
Breast_Cancer,PGS000527,Breast_Cancer,Breast cancer (female),0.6553,0.9403,0.285,True
Breast_Cancer,PGS000510,Breast_Cancer,Breast cancer (female),0.6575,0.9403,0.2828,True
Breast_Cancer,PGS000496,Breast_Cancer,Breast cancer (female),0.6583,0.9403,0.282,True
Breast_Cancer,PGS003983,Breast_Cancer,Breast cancer,0.6586,0.9403,0.2817,True
Breast_Cancer,PGS004107,Breast_Cancer,Breast cancer,0.6617,0.9403,0.2786,True
Breast_Cancer,PGS004688,Breast_Cancer,Breast cancer,0.6652,0.9403,0.2751,True
Breast_Cancer,PGS000531,Breast_Cancer,Breast cancer (female),0.6666,0.9403,0.2737,True
Breast_Cancer,PGS000332,Breast_Cancer,Breast cancer,0.6676,0.9403,0.2727,True
Breast_Cancer,PGS000495,Breast_Cancer,Breast cancer (female),0.669,0.9403,0.2713,True
Breast_Cancer,PGS000535,Breast_Cancer,Breast cancer (female),0.6697,0.9403,0.2706,True
Breast_Cancer,PGS000536,Breast_Cancer,Breast cancer (female),0.6714,0.9403,0.2689,True
Breast_Cancer,PGS004579,Breast_Cancer,Breast cancer,0.6738,0.9403,0.2665,True
Breast_Cancer,PGS004053,Breast_Cancer,Breast cancer,0.674,0.9403,0.2663,True
Breast_Cancer,PGS004441,Breast_Cancer,Breast cancer,0.6742,0.9403,0.2661,True
Breast_Cancer,PGS000512,Breast_Cancer,Breast cancer (female),0.6784,0.9403,0.2619,True
Breast_Cancer,PGS000509,Breast_Cancer,Breast cancer (female),0.6805,0.9403,0.2598,True
Breast_Cancer,PGS004511,Breast_Cancer,Breast cancer,0.6818,0.9403,0.2585,True
Breast_Cancer,PGS004040,Breast_Cancer,Breast cancer,0.6832,0.9403,0.2571,True
Breast_Cancer,PGS000528,Breast_Cancer,Breast cancer (female),0.6838,0.9403,0.2565,True
Breast_Cancer,PGS000516,Breast_Cancer,Breast cancer (female),0.6841,0.9403,0.2562,True
Breast_Cancer,PGS004869,Breast_Cancer,Breast cancer,0.6873,0.9403,0.253,True
Breast_Cancer,PGS000499,Breast_Cancer,Breast cancer (female),0.6887,0.9403,0.2516,True
Breast_Cancer,PGS000500,Breast_Cancer,Breast cancer (female),0.6893,0.9403,0.251,True
Breast_Cancer,PGS004069,Breast_Cancer,Breast cancer,0.69,0.9403,0.2503,True
Breast_Cancer,PGS004025,Breast_Cancer,Breast cancer,0.695,0.9403,0.2453,True
Breast_Cancer,PGS003999,Breast_Cancer,Breast cancer,0.6961,0.9403,0.2442,True
Breast_Cancer,PGS000503,Breast_Cancer,Breast cancer (female),0.6998,0.9403,0.2405,True
Breast_Cancer,PGS004892,Breast_Cancer,Triple negative breast cancer,0.7002,0.9403,0.2401,True
Breast_Cancer,PGS004738,Breast_Cancer,Breast cancer,0.7009,0.9403,0.2394,True
Breast_Cancer,PGS004737,Breast_Cancer,Breast cancer,0.7012,0.9403,0.2391,True
Breast_Cancer,PGS000335,Breast_Cancer,Breast cancer,0.7036,0.9403,0.2367,True
Breast_Cancer,PGS004153,Breast_Cancer,Breast cancer,0.7054,0.9403,0.2349,True
Breast_Cancer,PGS000507,Breast_Cancer,Breast cancer (female),0.708,0.9403,0.2323,True
Breast_Cancer,PGS000508,Breast_Cancer,Breast cancer (female),0.7094,0.9403,0.2309,True
Breast_Cancer,PGS000511,Breast_Cancer,Breast cancer (female),0.722,0.9403,0.2183,True
Breast_Cancer,PGS004891,Breast_Cancer,Triple negative breast cancer,0.7391,0.9403,0.2012,True
Celiac,PGS000316,Celiac_Disease,Coeliac disease,0.5217,0.9899,0.4682,True
Celiac,PGS004930,Celiac_Disease,Celiac disease,0.6031,0.9899,0.3868,True
Celiac,PGS000042,Celiac_Disease,Coeliac disease,0.661,0.9899,0.3289,True
Celiac,PGS000041,Celiac_Disease,Coeliac disease,0.6822,0.9899,0.3077,True
Celiac,PGS002067,Celiac_Disease,Celiac disease,0.7579,0.9899,0.232,True
Celiac,PGS001856,Celiac_Disease,Celiac disease,0.7817,0.9899,0.2082,True
Celiac,PGS001301,Celiac_Disease,Malabsorption/coeliac disease,0.7822,0.9899,0.2077,True
Celiac,PGS002107,Celiac_Disease,Diagnosed with coeliac disease or gluten sensitivity,0.7851,0.9899,0.2048,True
Celiac,PGS001300,Celiac_Disease,"Celiac disease or gluten sensitivity, diagnosed",0.7947,0.9899,0.1952,True
Celiac,PGS000040,Celiac_Disease,Coeliac disease,0.8017,0.9899,0.1882,True
Celiac,PGS001894,Celiac_Disease,Diagnosed with coeliac disease or gluten sensitivity,0.8117,0.9899,0.1782,True
Colorectal_Cancer,PGS003431,Colorectal_Cancer,Colorectal cancer,0.5024,0.9521,0.4497,True
Colorectal_Cancer,PGS002747,Colorectal_Cancer,Gastrointestinal cancer,0.5031,0.9521,0.449,True
Colorectal_Cancer,PGS000802,Colorectal_Cancer,Colorectal cancer,0.505,0.9521,0.4471,True
Colorectal_Cancer,PGS000149,Colorectal_Cancer,Colorectal cancer,0.5066,0.9521,0.4455,True
Colorectal_Cancer,PGS003434,Colorectal_Cancer,Colorectal cancer,0.5072,0.9521,0.4449,True
Colorectal_Cancer,PGS000375,Colorectal_Cancer,Colorectal cancer,0.5102,0.9521,0.4419,True
Colorectal_Cancer,PGS000383,Colorectal_Cancer,"Malignant neoplasm of rectum, rectosigmoid junction, and anus",0.5121,0.9521,0.44,True
Colorectal_Cancer,PGS000373,Colorectal_Cancer,Colorectal cancer,0.5134,0.9521,0.4387,True
Colorectal_Cancer,PGS003433,Colorectal_Cancer,Colorectal cancer,0.5173,0.9521,0.4348,True
Colorectal_Cancer,PGS003435,Colorectal_Cancer,Colorectal cancer,0.522,0.9521,0.4301,True
Colorectal_Cancer,PGS005162,Colorectal_Cancer,Colorectal cancer,0.5229,0.9521,0.4292,True
Colorectal_Cancer,PGS000371,Colorectal_Cancer,Colorectal cancer,0.5231,0.9521,0.429,True
Colorectal_Cancer,PGS003432,Colorectal_Cancer,Colorectal cancer,0.5232,0.9521,0.4289,True
Colorectal_Cancer,PGS000372,Colorectal_Cancer,Colorectal cancer,0.5244,0.9521,0.4277,True
Colorectal_Cancer,PGS002013,Colorectal_Cancer,Colorectal cancer,0.5275,0.9521,0.4246,True
Colorectal_Cancer,PGS002758,Colorectal_Cancer,Colorectal cancer,0.5292,0.9521,0.4229,True
Colorectal_Cancer,PGS000380,Colorectal_Cancer,Colon cancer,0.5313,0.9521,0.4208,True
Colorectal_Cancer,PGS003436,Colorectal_Cancer,Colorectal cancer,0.5324,0.9521,0.4197,True
Colorectal_Cancer,PGS001802,Colorectal_Cancer,Colorectal cancer,0.5338,0.9521,0.4183,True
Colorectal_Cancer,PGS000374,Colorectal_Cancer,Colorectal cancer,0.5365,0.9521,0.4156,True
Colorectal_Cancer,PGS000150,Colorectal_Cancer,Colorectal cancer,0.5416,0.9521,0.4105,True
Colorectal_Cancer,PGS000377,Colorectal_Cancer,Colon cancer,0.543,0.9521,0.4091,True
Colorectal_Cancer,PGS000376,Colorectal_Cancer,Colon cancer,0.5439,0.9521,0.4082,True
Colorectal_Cancer,PGS000055,Colorectal_Cancer,Colorectal cancer,0.5459,0.9521,0.4062,True
Colorectal_Cancer,PGS002743,Colorectal_Cancer,Colorectal cancer,0.5464,0.9521,0.4057,True
Colorectal_Cancer,PGS000785,Colorectal_Cancer,Colorectal cancer,0.5527,0.9521,0.3994,True
Colorectal_Cancer,PGS003739,Colorectal_Cancer,Colorectal cancer,0.5584,0.9521,0.3937,True
Colorectal_Cancer,PGS000801,Colorectal_Cancer,Colorectal cancer,0.5628,0.9521,0.3893,True
Colorectal_Cancer,PGS000151,Colorectal_Cancer,Colorectal cancer,0.5644,0.9521,0.3877,True
Colorectal_Cancer,PGS000154,Colorectal_Cancer,Colorectal cancer,0.5664,0.9521,0.3857,True
Colorectal_Cancer,PGS002744,Colorectal_Cancer,Colorectal cancer,0.567,0.9521,0.3851,True
Colorectal_Cancer,PGS003760,Colorectal_Cancer,Early onset colorectal cancer,0.567,0.9521,0.3851,True
Colorectal_Cancer,PGS000734,Colorectal_Cancer,Colorectal cancer,0.5673,0.9521,0.3848,True
Colorectal_Cancer,PGS000765,Colorectal_Cancer,Colorectal cancer,0.5673,0.9521,0.3848,True
Colorectal_Cancer,PGS002742,Colorectal_Cancer,Colorectal cancer,0.5707,0.9521,0.3814,True
Colorectal_Cancer,PGS000378,Colorectal_Cancer,Colon cancer,0.5711,0.9521,0.381,True
Colorectal_Cancer,PGS000148,Colorectal_Cancer,Colorectal cancer,0.5712,0.9521,0.3809,True
Colorectal_Cancer,PGS003850,Colorectal_Cancer,Colorectal cancer,0.5757,0.9521,0.3764,True
Colorectal_Cancer,PGS004580,Colorectal_Cancer,Colorectal cancer,0.5795,0.9521,0.3726,True
Colorectal_Cancer,PGS000147,Colorectal_Cancer,Colorectal cancer,0.5803,0.9521,0.3718,True
Colorectal_Cancer,PGS000381,Colorectal_Cancer,Colon cancer,0.5821,0.9521,0.37,True
Colorectal_Cancer,PGS000720,Colorectal_Cancer,Colorectal cancer,0.5828,0.9521,0.3693,True
Colorectal_Cancer,PGS000370,Colorectal_Cancer,Colorectal cancer,0.5834,0.9521,0.3687,True
Colorectal_Cancer,PGS000382,Colorectal_Cancer,Colon cancer,0.5859,0.9521,0.3662,True
Colorectal_Cancer,PGS000367,Colorectal_Cancer,Colorectal cancer,0.586,0.9521,0.3661,True
Colorectal_Cancer,PGS000368,Colorectal_Cancer,Colorectal cancer,0.586,0.9521,0.3661,True
Colorectal_Cancer,PGS002265,Colorectal_Cancer,Colorectal cancer,0.5867,0.9521,0.3654,True
Colorectal_Cancer,PGS000369,Colorectal_Cancer,Colorectal cancer,0.587,0.9521,0.3651,True
Colorectal_Cancer,PGS000074,Colorectal_Cancer,Colorectal cancer,0.5914,0.9521,0.3607,True
Colorectal_Cancer,PGS003439,Colorectal_Cancer,Colorectal cancer,0.5916,0.9521,0.3605,True
Colorectal_Cancer,PGS000146,Colorectal_Cancer,Colorectal cancer,0.5971,0.9521,0.355,True
Colorectal_Cancer,PGS001776,Colorectal_Cancer,Colorectal cancer,0.5974,0.9521,0.3547,True
Colorectal_Cancer,PGS000379,Colorectal_Cancer,Colon cancer,0.6038,0.9521,0.3483,True
Colorectal_Cancer,PGS004303,Colorectal_Cancer,Colorectal cancer,0.6051,0.9521,0.347,True
Colorectal_Cancer,PGS003386,Colorectal_Cancer,Colorectal cancer,0.607,0.9521,0.3451,True
Colorectal_Cancer,PGS004689,Colorectal_Cancer,Colorectal cancer,0.6148,0.9521,0.3373,True
Colorectal_Cancer,PGS003979,Colorectal_Cancer,Colorectal cancer,0.615,0.9521,0.3371,True
Colorectal_Cancer,PGS002252,Colorectal_Cancer,Colorectal cancer,0.6184,0.9521,0.3337,True
Colorectal_Cancer,PGS004302,Colorectal_Cancer,Colorectal cancer,0.6306,0.9521,0.3215,True
Colorectal_Cancer,PGS003851,Colorectal_Cancer,Colorectal cancer,0.6338,0.9521,0.3183,True
Colorectal_Cancer,PGS004880,Colorectal_Cancer,Colorectal cancer,0.6338,0.9521,0.3183,True
Colorectal_Cancer,PGS003852,Colorectal_Cancer,Colorectal cancer,0.6453,0.9521,0.3068,True
Colorectal_Cancer,PGS003395,Colorectal_Cancer,Colorectal cancer,0.6457,0.9521,0.3064,True
Colorectal_Cancer,PGS005151,Colorectal_Cancer,Colon polyp,0.7006,0.9521,0.2515,True
Colorectal_Cancer,PGS004912,Colorectal_Cancer,Colorectal neoplasm,0.722,0.9521,0.2301,True
Colorectal_Cancer,PGS004515,Colorectal_Cancer,"D12 (Benign neoplasm of colon, rectum, anus and anal canal)",0.7597,0.9521,0.1924,True
Colorectal_Cancer,PGS004445,Colorectal_Cancer,"D12 (Benign neoplasm of colon, rectum, anus and anal canal)",0.767,0.9521,0.1851,True
Colorectal_Cancer,PGS004243,Colorectal_Cancer,Colorectal cancer,0.769,0.9521,0.1831,True
Colorectal_Cancer,PGS004945,Colorectal_Cancer,Colorectal cancer,0.7963,0.9521,0.1558,True
Colorectal_Cancer,PGS004904,Colorectal_Cancer,Colorectal cancer,0.8172,0.9521,0.1349,True
Colorectal_Cancer,PGS004240,Colorectal_Cancer,Colorectal cancer,0.8457,0.9521,0.1064,True
Colorectal_Cancer,PGS004300,Colorectal_Cancer,Colorectal cancer,0.8465,0.9521,0.1056,True
Colorectal_Cancer,PGS005275,Colorectal_Cancer,Colorectal cancer,0.8624,0.9521,0.0897,True
Colorectal_Cancer,PGS004586,Colorectal_Cancer,Colorectal cancer,0.9394,0.9521,0.0127,True
Coronary_Artery,PGS004696,Coronary_Artery_Disease,Coronary heart disease,0.5059,0.9564,0.4505,True
Coronary_Artery,PGS005038,Coronary_Artery_Disease,Myocardial infarction (PheCode 411.2),0.5079,0.9564,0.4485,False
Coronary_Artery,PGS004307,Coronary_Artery_Disease,Coronary artery disease,0.5159,0.9564,0.4405,True
Coronary_Artery,PGS004309,Coronary_Artery_Disease,Coronary artery disease,0.5164,0.9564,0.44,True
Coronary_Artery,PGS005037,Coronary_Artery_Disease,Myocardial infarction (PheCode 411.2),0.5185,0.9564,0.4379,False
Coronary_Artery,PGS004458,Coronary_Artery_Disease,I21 (Acute myocardial infarction),0.5189,0.9564,0.4375,True
Coronary_Artery,PGS005046,Coronary_Artery_Disease,Myocardial infarction (PheCode 411.2),0.5208,0.9564,0.4356,False
Coronary_Artery,PGS004527,Coronary_Artery_Disease,I20 (Angina pectoris),0.5266,0.9564,0.4298,True
Coronary_Artery,PGS001048,Coronary_Artery_Disease,NSTEMI (algorithmically-defined),0.5396,0.9564,0.4168,True
Coronary_Artery,PGS004444,Coronary_Artery_Disease,Coronary vascular disease (CVD),0.5412,0.9564,0.4152,True
Coronary_Artery,PGS001317,Coronary_Artery_Disease,Vascular/heart problems diagnosed by doctor Heart attack,0.5462,0.9564,0.4102,True
Coronary_Artery,PGS005039,Coronary_Artery_Disease,Myocardial infarction (PheCode 411.2),0.5483,0.9564,0.4081,False
Coronary_Artery,PGS004513,Coronary_Artery_Disease,Coronary artery disease (CAD),0.5515,0.9564,0.4049,True
Coronary_Artery,PGS001314,Coronary_Artery_Disease,Acute myocardial infarction (time-to-event),0.5568,0.9564,0.3996,True
Coronary_Artery,PGS005044,Coronary_Artery_Disease,Myocardial infarction (PheCode 411.2),0.5568,0.9564,0.3996,False
Coronary_Artery,PGS005045,Coronary_Artery_Disease,Myocardial infarction (PheCode 411.2),0.5574,0.9564,0.399,False
Coronary_Artery,PGS004899,Coronary_Artery_Disease,Spontaneous coronary artery dissection,0.5611,0.9564,0.3953,True
Coronary_Artery,PGS005152,Coronary_Artery_Disease,Coronary artery disease,0.5645,0.9564,0.3919,True
Coronary_Artery,PGS004514,Coronary_Artery_Disease,Coronary vascular disease (CVD),0.5653,0.9564,0.3911,True
Coronary_Artery,PGS004921,Coronary_Artery_Disease,Coronary artery disease,0.5693,0.9564,0.3871,True
Coronary_Artery,PGS000349,Coronary_Artery_Disease,Coronary artery disease,0.5713,0.9564,0.3851,True
Coronary_Artery,PGS004308,Coronary_Artery_Disease,Coronary artery disease,0.5744,0.9564,0.382,True
Coronary_Artery,PGS005036,Coronary_Artery_Disease,Myocardial infarction (PheCode 411.2),0.5781,0.9564,0.3783,False
Coronary_Artery,PGS005050,Coronary_Artery_Disease,Angina pectoris (PheCode 411.3),0.5786,0.9564,0.3778,False
Coronary_Artery,PGS001316,Coronary_Artery_Disease,Myocardial infarction (algorithmically-defined),0.5795,0.9564,0.3769,True
Coronary_Artery,PGS002262,Coronary_Artery_Disease,Coronary artery disease,0.582,0.9564,0.3744,True
Coronary_Artery,PGS000010,Coronary_Artery_Disease,Coronary heart disease,0.5825,0.9564,0.3739,True
Coronary_Artery,PGS000200,Coronary_Artery_Disease,Coronary heart disease,0.5857,0.9564,0.3707,True
Coronary_Artery,PGS001315,Coronary_Artery_Disease,Myocardial infarction,0.5885,0.9564,0.3679,True
Coronary_Artery,PGS000019,Coronary_Artery_Disease,Coronary artery disease,0.5895,0.9564,0.3669,True
Coronary_Artery,PGS005043,Coronary_Artery_Disease,Myocardial infarction (PheCode 411.2),0.5905,0.9564,0.3659,False
Coronary_Artery,PGS005231,Coronary_Artery_Disease,Coronary artery disease,0.5943,0.9564,0.3621,True
Coronary_Artery,PGS004595,Coronary_Artery_Disease,Coronary heart disease,0.5995,0.9564,0.3569,True
Coronary_Artery,PGS005091,Coronary_Artery_Disease,Coronary artery disease,0.6008,0.9564,0.3556,True
Coronary_Artery,PGS000012,Coronary_Artery_Disease,Coronary artery disease,0.6021,0.9564,0.3543,True
Coronary_Artery,PGS000710,Coronary_Artery_Disease,Myocardial infarction,0.6027,0.9564,0.3537,True
Coronary_Artery,PGS000059,Coronary_Artery_Disease,Coronary heart disease,0.6029,0.9564,0.3535,True
Coronary_Artery,PGS004443,Coronary_Artery_Disease,Coronary artery disease (CAD),0.6038,0.9564,0.3526,True
Coronary_Artery,PGS000057,Coronary_Artery_Disease,Coronary heart disease,0.6053,0.9564,0.3511,True
Coronary_Artery,PGS000818,Coronary_Artery_Disease,Coronary heart disease,0.6054,0.9564,0.351,True
Coronary_Artery,PGS000018,Coronary_Artery_Disease,Coronary artery disease,0.6096,0.9564,0.3468,True
Coronary_Artery,PGS000899,Coronary_Artery_Disease,Coronary heart disease,0.6107,0.9564,0.3457,True
Coronary_Artery,PGS002244,Coronary_Artery_Disease,Coronary artery disease,0.6126,0.9564,0.3438,True
Coronary_Artery,PGS000747,Coronary_Artery_Disease,Coronary artery disease,0.6131,0.9564,0.3433,True
Coronary_Artery,PGS000013,Coronary_Artery_Disease,Coronary artery disease,0.6177,0.9564,0.3387,True
Coronary_Artery,PGS001261,Coronary_Artery_Disease,Angina pectoris (time-to-event),0.6204,0.9564,0.336,True
Coronary_Artery,PGS000011,Coronary_Artery_Disease,Coronary artery disease,0.6209,0.9564,0.3355,True
Coronary_Artery,PGS001260,Coronary_Artery_Disease,Angina,0.6218,0.9564,0.3346,True
Coronary_Artery,PGS000703,Coronary_Artery_Disease,Angina,0.623,0.9564,0.3334,True
Coronary_Artery,PGS001780,Coronary_Artery_Disease,Coronary heart disease,0.6252,0.9564,0.3312,True
Coronary_Artery,PGS004200,Coronary_Artery_Disease,Coronary artery disease,0.626,0.9564,0.3304,True
Coronary_Artery,PGS003355,Coronary_Artery_Disease,Coronary artery disease,0.6263,0.9564,0.3301,True
Coronary_Artery,PGS005092,Coronary_Artery_Disease,Coronary artery disease,0.6273,0.9564,0.3291,True
Coronary_Artery,PGS004596,Coronary_Artery_Disease,Coronary heart disease,0.6365,0.9564,0.3199,True
Coronary_Artery,PGS001839,Coronary_Artery_Disease,Coronary atherosclerosis,0.6389,0.9564,0.3175,True
Coronary_Artery,PGS000749,Coronary_Artery_Disease,Coronary artery disease,0.6393,0.9564,0.3171,True
Coronary_Artery,PGS000748,Coronary_Artery_Disease,Coronary artery disease,0.6411,0.9564,0.3153,True
Coronary_Artery,PGS004925,Coronary_Artery_Disease,Coronary heart disease,0.6428,0.9564,0.3136,True
Coronary_Artery,PGS005042,Coronary_Artery_Disease,Myocardial infarction (PheCode 411.2),0.6436,0.9564,0.3128,False
Coronary_Artery,PGS004528,Coronary_Artery_Disease,I21 (Acute myocardial infarction),0.6446,0.9564,0.3118,True
Coronary_Artery,PGS000746,Coronary_Artery_Disease,Coronary artery disease,0.6482,0.9564,0.3082,True
Coronary_Artery,PGS000058,Coronary_Artery_Disease,Coronary artery disease,0.6489,0.9564,0.3075,True
Coronary_Artery,PGS001262,Coronary_Artery_Disease,Vascular/heart problems diagnosed by doctor Angina,0.6492,0.9564,0.3072,True
Coronary_Artery,PGS005322,Coronary_Artery_Disease,Coronary artery disease (Endothelial cell-related),0.6505,0.9564,0.3059,True
Coronary_Artery,PGS000798,Coronary_Artery_Disease,Coronary heart disease,0.6524,0.9564,0.304,True
Coronary_Artery,PGS000116,Coronary_Artery_Disease,Coronary artery disease,0.6538,0.9564,0.3026,True
Coronary_Artery,PGS004698,Coronary_Artery_Disease,Coronary heart disease,0.6538,0.9564,0.3026,True
Coronary_Artery,PGS002809,Coronary_Artery_Disease,Coronary artery disease,0.6546,0.9564,0.3018,True
Coronary_Artery,PGS002775,Coronary_Artery_Disease,Incident coronary artery disease,0.6551,0.9564,0.3013,True
Coronary_Artery,PGS000296,Coronary_Artery_Disease,Coronary artery disease,0.6554,0.9564,0.301,True
Coronary_Artery,PGS002776,Coronary_Artery_Disease,Incident coronary artery disease,0.6562,0.9564,0.3002,True
Coronary_Artery,PGS002048,Coronary_Artery_Disease,Coronary atherosclerosis,0.6585,0.9564,0.2979,True
Coronary_Artery,PGS005056,Coronary_Artery_Disease,Angina pectoris (PheCode 411.3),0.6589,0.9564,0.2975,False
Coronary_Artery,PGS001355,Coronary_Artery_Disease,Coronary artery disease,0.6608,0.9564,0.2956,True
Coronary_Artery,PGS000962,Coronary_Artery_Disease,Chronic ischaemic heart disease (time-to-event),0.6623,0.9564,0.2941,True
Coronary_Artery,PGS004196,Coronary_Artery_Disease,Coronary artery disease,0.6655,0.9564,0.2909,True
Coronary_Artery,PGS003438,Coronary_Artery_Disease,Coronary artery disease,0.6676,0.9564,0.2888,True
Coronary_Artery,PGS004305,Coronary_Artery_Disease,Coronary artery disease,0.6684,0.9564,0.288,True
Coronary_Artery,PGS005051,Coronary_Artery_Disease,Angina pectoris (PheCode 411.3),0.6684,0.9564,0.288,False
Coronary_Artery,PGS004745,Coronary_Artery_Disease,Coronary artery disease,0.6692,0.9564,0.2872,True
Coronary_Artery,PGS004199,Coronary_Artery_Disease,Coronary artery disease,0.6704,0.9564,0.286,True
Coronary_Artery,PGS005143,Coronary_Artery_Disease,Coronary artery disease,0.6712,0.9564,0.2852,True
Coronary_Artery,PGS004306,Coronary_Artery_Disease,Coronary artery disease,0.6716,0.9564,0.2848,True
Coronary_Artery,PGS003446,Coronary_Artery_Disease,Coronary artery disease,0.6722,0.9564,0.2842,True
Coronary_Artery,PGS003866,Coronary_Artery_Disease,Coronary artery disease,0.6723,0.9564,0.2841,True
Coronary_Artery,PGS004743,Coronary_Artery_Disease,Coronary artery disease,0.6762,0.9564,0.2802,True
Coronary_Artery,PGS005047,Coronary_Artery_Disease,Angina pectoris (PheCode 411.3),0.6767,0.9564,0.2797,False
Coronary_Artery,PGS004321,Coronary_Artery_Disease,Coronary heart disease,0.6788,0.9564,0.2776,True
Coronary_Artery,PGS004457,Coronary_Artery_Disease,I20 (Angina pectoris),0.6815,0.9564,0.2749,True
Coronary_Artery,PGS005293,Coronary_Artery_Disease,Coronary artery disease,0.6842,0.9564,0.2722,True
Coronary_Artery,PGS005294,Coronary_Artery_Disease,Coronary artery disease,0.6842,0.9564,0.2722,True
Coronary_Artery,PGS000329,Coronary_Artery_Disease,Coronary heart disease,0.685,0.9564,0.2714,True
Coronary_Artery,PGS004197,Coronary_Artery_Disease,Coronary artery disease,0.6869,0.9564,0.2695,True
Coronary_Artery,PGS000337,Coronary_Artery_Disease,Coronary artery disease,0.6934,0.9564,0.263,True
Coronary_Artery,PGS004879,Coronary_Artery_Disease,Coronary heart disease,0.694,0.9564,0.2624,True
Coronary_Artery,PGS005295,Coronary_Artery_Disease,Coronary artery disease,0.694,0.9564,0.2624,True
Coronary_Artery,PGS004198,Coronary_Artery_Disease,Coronary artery disease,0.6961,0.9564,0.2603,True
Coronary_Artery,PGS005236,Coronary_Artery_Disease,Coronary artery disease,0.6975,0.9564,0.2589,True
Coronary_Artery,PGS004746,Coronary_Artery_Disease,Coronary artery disease,0.6984,0.9564,0.258,True
Coronary_Artery,PGS005041,Coronary_Artery_Disease,Myocardial infarction (PheCode 411.2),0.6989,0.9564,0.2575,False
Coronary_Artery,PGS005112,Coronary_Artery_Disease,Coronary artery disease,0.7009,0.9564,0.2555,True
Coronary_Artery,PGS005296,Coronary_Artery_Disease,Coronary artery disease,0.7009,0.9564,0.2555,True
Coronary_Artery,PGS005298,Coronary_Artery_Disease,Coronary artery disease,0.7009,0.9564,0.2555,True
Coronary_Artery,PGS005297,Coronary_Artery_Disease,Coronary artery disease,0.7033,0.9564,0.2531,True
Coronary_Artery,PGS003356,Coronary_Artery_Disease,Coronary artery disease,0.7038,0.9564,0.2526,True
Coronary_Artery,PGS003727,Coronary_Artery_Disease,Coronary artery disease,0.7044,0.9564,0.252,True
Coronary_Artery,PGS004888,Coronary_Artery_Disease,Coronary artery diseae,0.7078,0.9564,0.2486,True
Coronary_Artery,PGS004237,Coronary_Artery_Disease,Coronary Artery Disease,0.7091,0.9564,0.2473,True
Coronary_Artery,PGS004744,Coronary_Artery_Disease,Coronary artery disease,0.7135,0.9564,0.2429,True
Coronary_Artery,PGS005049,Coronary_Artery_Disease,Angina pectoris (PheCode 411.3),0.7154,0.9564,0.241,False
Coronary_Artery,PGS005057,Coronary_Artery_Disease,Angina pectoris (PheCode 411.3),0.7199,0.9564,0.2365,False
Coronary_Artery,PGS004941,Coronary_Artery_Disease,Coronary artery disease,0.7349,0.9564,0.2215,True
Coronary_Artery,PGS004697,Coronary_Artery_Disease,Coronary heart disease,0.7354,0.9564,0.221,True
Coronary_Artery,PGS005055,Coronary_Artery_Disease,Angina pectoris (PheCode 411.3),0.7409,0.9564,0.2155,False
Coronary_Artery,PGS003725,Coronary_Artery_Disease,Coronary artery disease,0.741,0.9564,0.2154,True
Coronary_Artery,PGS003726,Coronary_Artery_Disease,Coronary artery disease,0.743,0.9564,0.2134,True
Coronary_Artery,PGS005034,Coronary_Artery_Disease,Myocardial infarction (PheCode 411.2),0.7501,0.9564,0.2063,False
Coronary_Artery,PGS005059,Coronary_Artery_Disease,Angina pectoris (PheCode 411.3),0.776,0.9564,0.1804,False
Coronary_Artery,PGS005040,Coronary_Artery_Disease,Myocardial infarction (PheCode 411.2),0.778,0.9564,0.1784,False
Coronary_Artery,PGS005053,Coronary_Artery_Disease,Angina pectoris (PheCode 411.3),0.7838,0.9564,0.1726,False
Coronary_Artery,PGS005058,Coronary_Artery_Disease,Angina pectoris (PheCode 411.3),0.8016,0.9564,0.1548,False
Coronary_Artery,PGS005035,Coronary_Artery_Disease,Myocardial infarction (PheCode 411.2),0.8061,0.9564,0.1503,False
Coronary_Artery,PGS005054,Coronary_Artery_Disease,Angina pectoris (PheCode 411.3),0.8479,0.9564,0.1085,False
Coronary_Artery,PGS005052,Coronary_Artery_Disease,Angina pectoris (PheCode 411.3),0.8558,0.9564,0.1006,False
Coronary_Artery,PGS005048,Coronary_Artery_Disease,Angina pectoris (PheCode 411.3),0.8673,0.9564,0.0891,False
Longevity,PGS002795,Longevity,Longevity (>90th survival percentile),0.532,1.0,0.468,True
Longevity,PGS000906,Longevity,Longevity,0.5337,1.0,0.4663,True
Parkinsons,PGS001774,Parkinsons_Disease,Parkinson's disease,0.5364,1.0,0.4636,True
Parkinsons,PGS000777,Parkinsons_Disease,Parkinson's disease dementia,0.5382,1.0,0.4618,True
Parkinsons,PGS000902,Parkinsons_Disease,Parkinson's disease,0.5388,1.0,0.4612,True
Parkinsons,PGS001353,Parkinsons_Disease,Parkinson's disease,0.545,1.0,0.455,True
Parkinsons,PGS000123,Parkinsons_Disease,Parkinson's disease,0.5696,1.0,0.4304,True
Parkinsons,PGS000903,Parkinsons_Disease,Parkinson's disease,0.5793,1.0,0.4207,True
Parkinsons,PGS000211,Parkinsons_Disease,Parkinson's disease,0.5872,1.0,0.4128,True
Parkinsons,PGS000056,Parkinsons_Disease,Parkinson's disease,0.5935,1.0,0.4065,True
Parkinsons,PGS003763,Parkinsons_Disease,Parkinson's disease,0.6439,1.0,0.3561,True
Parkinsons,PGS000750,Parkinsons_Disease,Parkinson's disease,0.6668,1.0,0.3332,True
Parkinsons,PGS004924,Parkinsons_Disease,Parkinson's disease,0.9104,1.0,0.0896,True
Type2_Diabetes,PGS000807,Type_2_Diabetes,Type 2 diabetes (T2D),0.5032,0.9075,0.4043,True
Type2_Diabetes,PGS005118,Type_2_Diabetes,Type 2 diabetes (T2D),0.5037,0.9075,0.4038,True
Type2_Diabetes,PGS000850,Type_2_Diabetes,Type 2 diabetes (based on SNPs associated with insulin action),0.5038,0.9075,0.4037,True
Type2_Diabetes,PGS005108,Type_2_Diabetes,Type 2 diabetes (T2D),0.5038,0.9075,0.4037,True
Type2_Diabetes,PGS002426,Type_2_Diabetes,Type 2 diabetes (T2D),0.504,0.9075,0.4035,True
Type2_Diabetes,PGS003735,Type_2_Diabetes,Type 2 diabetes (T2D),0.5045,0.9075,0.403,True
Type2_Diabetes,PGS000729,Type_2_Diabetes,Type 2 diabetes (T2D),0.5048,0.9075,0.4027,True
Type2_Diabetes,PGS003734,Type_2_Diabetes,Type 2 diabetes (T2D),0.5054,0.9075,0.4021,True
Type2_Diabetes,PGS000851,Type_2_Diabetes,Type 2 diabetes (based on SNPs associated with insulin action/secretion),0.506,0.9075,0.4015,True
Type2_Diabetes,PGS005119,Type_2_Diabetes,Type 2 diabetes (T2D),0.5062,0.9075,0.4013,True
Type2_Diabetes,PGS005116,Type_2_Diabetes,Type 2 diabetes (T2D),0.5064,0.9075,0.4011,True
Type2_Diabetes,PGS003123,Type_2_Diabetes,Type 2 diabetes (T2D),0.5066,0.9075,0.4009,True
Type2_Diabetes,PGS000858,Type_2_Diabetes,Type 2 diabetes (based on SNPs associated with proinsulin levels),0.5081,0.9075,0.3994,True
Type2_Diabetes,PGS001781,Type_2_Diabetes,Type 2 diabetes (T2D),0.5083,0.9075,0.3992,True
Type2_Diabetes,PGS002243,Type_2_Diabetes,Type 2 diabetes (T2D),0.5085,0.9075,0.399,True
Type2_Diabetes,PGS000033,Type_2_Diabetes,Type 2 diabetes (based on SNPs involved in insulin resistance),0.5088,0.9075,0.3987,True
Type2_Diabetes,PGS000330,Type_2_Diabetes,Type 2 diabetes (T2D),0.5094,0.9075,0.3981,True
Type2_Diabetes,PGS003730,Type_2_Diabetes,Type 2 diabetes (T2D),0.5133,0.9075,0.3942,True
Type2_Diabetes,PGS000848,Type_2_Diabetes,Type 2 diabetes (based on SNPs associated with adiposity),0.514,0.9075,0.3935,True
Type2_Diabetes,PGS005147,Type_2_Diabetes,Type 2 diabetes (T2D),0.5196,0.9075,0.3879,True
Type2_Diabetes,PGS005314,Type_2_Diabetes,Type 2 diabetes (T2D),0.5198,0.9075,0.3877,True
Type2_Diabetes,PGS000036,Type_2_Diabetes,Type 2 diabetes (T2D),0.5199,0.9075,0.3876,True
Type2_Diabetes,PGS003733,Type_2_Diabetes,Type 2 diabetes (T2D),0.5202,0.9075,0.3873,True
Type2_Diabetes,PGS000849,Type_2_Diabetes,Type 2 diabetes (based on SNPs associated with impaired lipids),0.5214,0.9075,0.3861,True
Type2_Diabetes,PGS003112,Type_2_Diabetes,Type 2 diabetes (T2D),0.525,0.9075,0.3825,True
Type2_Diabetes,PGS003108,Type_2_Diabetes,Type 2 diabetes (T2D),0.5258,0.9075,0.3817,True
Type2_Diabetes,PGS004082,Type_2_Diabetes,Type 2 diabetes (T2D),0.5258,0.9075,0.3817,True
Type2_Diabetes,PGS000855,Type_2_Diabetes,Type 2 diabetes (based on SNPs associated with lipodystrophy),0.5259,0.9075,0.3816,True
Type2_Diabetes,PGS003100,Type_2_Diabetes,Type 2 diabetes (T2D),0.5259,0.9075,0.3816,True
Type2_Diabetes,PGS003101,Type_2_Diabetes,Type 2 diabetes (T2D),0.5259,0.9075,0.3816,True
Type2_Diabetes,PGS003732,Type_2_Diabetes,Type 2 diabetes (T2D),0.5271,0.9075,0.3804,True
Type2_Diabetes,PGS003731,Type_2_Diabetes,Type 2 diabetes (T2D),0.5275,0.9075,0.38,True
Type2_Diabetes,PGS003445,Type_2_Diabetes,Type 2 diabetes (T2D),0.5282,0.9075,0.3793,True
Type2_Diabetes,PGS003443,Type_2_Diabetes,Type 2 diabetes (T2D),0.5299,0.9075,0.3776,True
Type2_Diabetes,PGS003122,Type_2_Diabetes,Type 2 diabetes (T2D),0.5359,0.9075,0.3716,True
Type2_Diabetes,PGS003353,Type_2_Diabetes,Type 2 diabetes (T2D),0.5364,0.9075,0.3711,True
Type2_Diabetes,PGS004310,Type_2_Diabetes,Type 2 diabetes (T2D),0.5369,0.9075,0.3706,True
Type2_Diabetes,PGS003107,Type_2_Diabetes,Type 2 diabetes (T2D),0.5373,0.9075,0.3702,True
Type2_Diabetes,PGS003090,Type_2_Diabetes,Type 2 diabetes (T2D),0.5404,0.9075,0.3671,True
Type2_Diabetes,PGS004619,Type_2_Diabetes,Type 2 diabetes (T2D),0.541,0.9075,0.3665,True
Type2_Diabetes,PGS004620,Type_2_Diabetes,Type 2 diabetes (T2D),0.5436,0.9075,0.3639,True
Type2_Diabetes,PGS003728,Type_2_Diabetes,Type 2 diabetes (T2D),0.5454,0.9075,0.3621,True
Type2_Diabetes,PGS000853,Type_2_Diabetes,Type 2 diabetes (based on SNPs associated with insulin secretion),0.5462,0.9075,0.3613,True
Type2_Diabetes,PGS004014,Type_2_Diabetes,Type 2 diabetes (T2D),0.5465,0.9075,0.361,True
Type2_Diabetes,PGS003091,Type_2_Diabetes,Type 2 diabetes (T2D),0.5473,0.9075,0.3602,True
Type2_Diabetes,PGS004312,Type_2_Diabetes,Type 2 diabetes (T2D),0.5496,0.9075,0.3579,True
Type2_Diabetes,PGS003729,Type_2_Diabetes,Type 2 diabetes (T2D),0.5499,0.9075,0.3576,True
Type2_Diabetes,PGS004618,Type_2_Diabetes,Type 2 diabetes (T2D),0.5515,0.9075,0.356,True
Type2_Diabetes,PGS004184,Type_2_Diabetes,Type 2 diabetes,0.5517,0.9075,0.3558,True
Type2_Diabetes,PGS002524,Type_2_Diabetes,Type 2 diabetes (T2D),0.5522,0.9075,0.3553,True
Type2_Diabetes,PGS005157,Type_2_Diabetes,Type 2 diabetes (T2D),0.5524,0.9075,0.3551,True
Type2_Diabetes,PGS004181,Type_2_Diabetes,Type 2 diabetes,0.5531,0.9075,0.3544,True
Type2_Diabetes,PGS000864,Type_2_Diabetes,Type 2 diabetes (T2D),0.554,0.9075,0.3535,True
Type2_Diabetes,PGS002779,Type_2_Diabetes,Incident type 2 diabetes,0.5541,0.9075,0.3534,True
Type2_Diabetes,PGS002475,Type_2_Diabetes,Type 2 diabetes (T2D),0.5544,0.9075,0.3531,True
Type2_Diabetes,PGS005243,Type_2_Diabetes,Type 2 diabetes (T2D),0.5569,0.9075,0.3506,True
Type2_Diabetes,PGS005330,Type_2_Diabetes,Type 2 Diabetes Mellitus,0.5575,0.9075,0.35,True
Type2_Diabetes,PGS004052,Type_2_Diabetes,Type 2 diabetes (T2D),0.5577,0.9075,0.3498,True
Type2_Diabetes,PGS002771,Type_2_Diabetes,Type 2 diabetes (T2D),0.5578,0.9075,0.3497,True
Type2_Diabetes,PGS002026,Type_2_Diabetes,Type 2 diabetes (T2D),0.5579,0.9075,0.3496,True
Type2_Diabetes,PGS004616,Type_2_Diabetes,Type 2 diabetes (T2D),0.5585,0.9075,0.349,True
Type2_Diabetes,PGS004068,Type_2_Diabetes,Type 2 diabetes (T2D),0.5601,0.9075,0.3474,True
Type2_Diabetes,PGS003095,Type_2_Diabetes,Type 2 diabetes (T2D),0.5607,0.9075,0.3468,True
Type2_Diabetes,PGS005027,Type_2_Diabetes,Type 2 diabetes (T2D) (PheCode 250.2),0.562,0.9075,0.3455,False
Type2_Diabetes,PGS003982,Type_2_Diabetes,Type 2 diabetes (T2D),0.5637,0.9075,0.3438,True
Type2_Diabetes,PGS005021,Type_2_Diabetes,Type 2 diabetes (T2D) (PheCode 250.2),0.5637,0.9075,0.3438,False
Type2_Diabetes,PGS003119,Type_2_Diabetes,Type 2 diabetes (T2D),0.5638,0.9075,0.3437,True
Type2_Diabetes,PGS000806,Type_2_Diabetes,Type 2 diabetes (T2D),0.5641,0.9075,0.3434,True
Type2_Diabetes,PGS004039,Type_2_Diabetes,Type 2 diabetes (T2D),0.5644,0.9075,0.3431,True
Type2_Diabetes,PGS000125,Type_2_Diabetes,Type 2 diabetes (T2D),0.5654,0.9075,0.3421,True
Type2_Diabetes,PGS005111,Type_2_Diabetes,Type 2 diabetes (T2D),0.5661,0.9075,0.3414,True
Type2_Diabetes,PGS004152,Type_2_Diabetes,Type 2 diabetes (T2D),0.5667,0.9075,0.3408,True
Type2_Diabetes,PGS003402,Type_2_Diabetes,Type 2 diabetes (T2D),0.5673,0.9075,0.3402,True
Type2_Diabetes,PGS005326,Type_2_Diabetes,Type 2 Diabetes Mellitus,0.5685,0.9075,0.339,True
Type2_Diabetes,PGS002379,Type_2_Diabetes,Type 2 diabetes (T2D),0.5708,0.9075,0.3367,True
Type2_Diabetes,PGS004024,Type_2_Diabetes,Type 2 diabetes (T2D),0.571,0.9075,0.3365,True
Type2_Diabetes,PGS003115,Type_2_Diabetes,Type 2 diabetes (T2D),0.5713,0.9075,0.3362,True
Type2_Diabetes,PGS003116,Type_2_Diabetes,Type 2 diabetes (T2D),0.5713,0.9075,0.3362,True
Type2_Diabetes,PGS004313,Type_2_Diabetes,Type 2 diabetes (T2D),0.5713,0.9075,0.3362,True
Type2_Diabetes,PGS005028,Type_2_Diabetes,Type 2 diabetes (T2D) (PheCode 250.2),0.5714,0.9075,0.3361,False
Type2_Diabetes,PGS003104,Type_2_Diabetes,Type 2 diabetes (T2D),0.5717,0.9075,0.3358,True
Type2_Diabetes,PGS004183,Type_2_Diabetes,Type 2 diabetes,0.5718,0.9075,0.3357,True
Type2_Diabetes,PGS005117,Type_2_Diabetes,Type 2 diabetes (T2D),0.5724,0.9075,0.3351,True
Type2_Diabetes,PGS002308,Type_2_Diabetes,Type 2 diabetes (T2D),0.5735,0.9075,0.334,True
Type2_Diabetes,PGS003998,Type_2_Diabetes,Type 2 diabetes (T2D),0.574,0.9075,0.3335,True
Type2_Diabetes,PGS003089,Type_2_Diabetes,Type 2 diabetes (T2D),0.5743,0.9075,0.3332,True
Type2_Diabetes,PGS004136,Type_2_Diabetes,Type 2 diabetes (T2D),0.5752,0.9075,0.3323,True
Type2_Diabetes,PGS002671,Type_2_Diabetes,Type 2 diabetes (T2D),0.5754,0.9075,0.3321,True
Type2_Diabetes,PGS004602,Type_2_Diabetes,Type 2 diabetes (T2D),0.5759,0.9075,0.3316,True
Type2_Diabetes,PGS005024,Type_2_Diabetes,Type 2 diabetes (T2D) (PheCode 250.2),0.5789,0.9075,0.3286,False
Type2_Diabetes,PGS000856,Type_2_Diabetes,Type 2 diabetes (based on SNPs associated with liver lipids),0.5793,0.9075,0.3282,True
Type2_Diabetes,PGS004311,Type_2_Diabetes,Type 2 diabetes (T2D),0.5793,0.9075,0.3282,True
Type2_Diabetes,PGS000832,Type_2_Diabetes,Type 2 diabetes (T2D),0.5836,0.9075,0.3239,True
Type2_Diabetes,PGS003093,Type_2_Diabetes,Type 2 diabetes (T2D),0.5836,0.9075,0.3239,True
Type2_Diabetes,PGS002780,Type_2_Diabetes,Incident type 2 diabetes,0.5837,0.9075,0.3238,True
Type2_Diabetes,PGS001818,Type_2_Diabetes,Type 2 diabetes (T2D),0.5846,0.9075,0.3229,True
Type2_Diabetes,PGS005110,Type_2_Diabetes,Type 2 diabetes (T2D),0.5853,0.9075,0.3222,True
Type2_Diabetes,PGS000854,Type_2_Diabetes,Type 2 diabetes (based on SNPs associated with beta cell function),0.586,0.9075,0.3215,True
Type2_Diabetes,PGS005246,Type_2_Diabetes,Type 2 diabetes (T2D),0.5872,0.9075,0.3203,True
Type2_Diabetes,PGS003092,Type_2_Diabetes,Type 2 diabetes (T2D),0.5874,0.9075,0.3201,True
Type2_Diabetes,PGS003096,Type_2_Diabetes,Type 2 diabetes (T2D),0.5875,0.9075,0.32,True
Type2_Diabetes,PGS004838,Type_2_Diabetes,Type 2 diabetes (T2D),0.5879,0.9075,0.3196,True
Type2_Diabetes,PGS004840,Type_2_Diabetes,Type 2 diabetes (T2D),0.5879,0.9075,0.3196,True
Type2_Diabetes,PGS004870,Type_2_Diabetes,Type 2 diabetes (T2D),0.5879,0.9075,0.3196,True
Type2_Diabetes,PGS004617,Type_2_Diabetes,Type 2 diabetes (T2D),0.5893,0.9075,0.3182,True
Type2_Diabetes,PGS001357,Type_2_Diabetes,Type 2 diabetes (T2D),0.5903,0.9075,0.3172,True
Type2_Diabetes,PGS000857,Type_2_Diabetes,Type 2 diabetes (based on SNPs associated with obesity),0.5914,0.9075,0.3161,True
Type2_Diabetes,PGS004226,Type_2_Diabetes,Type 2 diabetes,0.592,0.9075,0.3155,True
Type2_Diabetes,PGS002573,Type_2_Diabetes,Type 2 diabetes (T2D),0.5925,0.9075,0.315,True
Type2_Diabetes,PGS004615,Type_2_Diabetes,Type 2 diabetes (T2D),0.5925,0.9075,0.315,True
Type2_Diabetes,PGS005329,Type_2_Diabetes,Type 2 Diabetes Mellitus,0.5936,0.9075,0.3139,True
Type2_Diabetes,PGS005029,Type_2_Diabetes,Type 2 diabetes (T2D) (PheCode 250.2),0.5941,0.9075,0.3134,False
Type2_Diabetes,PGS005245,Type_2_Diabetes,Type 2 diabetes (T2D),0.5942,0.9075,0.3133,True
Type2_Diabetes,PGS005032,Type_2_Diabetes,Type 2 diabetes (T2D) (PheCode 250.2),0.595,0.9075,0.3125,False
Type2_Diabetes,PGS003110,Type_2_Diabetes,Type 2 diabetes (T2D),0.5957,0.9075,0.3118,True
Type2_Diabetes,PGS003097,Type_2_Diabetes,Type 2 diabetes (T2D),0.5958,0.9075,0.3117,True
Type2_Diabetes,PGS004859,Type_2_Diabetes,Type 2 diabetes (T2D),0.596,0.9075,0.3115,True
Type2_Diabetes,PGS003111,Type_2_Diabetes,Type 2 diabetes (T2D),0.5972,0.9075,0.3103,True
Type2_Diabetes,PGS003105,Type_2_Diabetes,Type 2 diabetes (T2D),0.5982,0.9075,0.3093,True
Type2_Diabetes,PGS003106,Type_2_Diabetes,Type 2 diabetes (T2D),0.5982,0.9075,0.3093,True
Type2_Diabetes,PGS004887,Type_2_Diabetes,Type 2 diabetes (T2D),0.5996,0.9075,0.3079,True
Type2_Diabetes,PGS005324,Type_2_Diabetes,Type 2 Diabetes Mellitus,0.6005,0.9075,0.307,True
Type2_Diabetes,PGS005026,Type_2_Diabetes,Type 2 diabetes (T2D) (PheCode 250.2),0.602,0.9075,0.3055,False
Type2_Diabetes,PGS002277,Type_2_Diabetes,Type 2 diabetes (based on SNPs associated with insulin secretion),0.6021,0.9075,0.3054,True
Type2_Diabetes,PGS000868,Type_2_Diabetes,Type 2 diabetes (T2D),0.6023,0.9075,0.3052,True
Type2_Diabetes,PGS001295,Type_2_Diabetes,Type 2 diabetes (T2D),0.6032,0.9075,0.3043,True
Type2_Diabetes,PGS000020,Type_2_Diabetes,Type 2 diabetes (T2D),0.6049,0.9075,0.3026,True
Type2_Diabetes,PGS005022,Type_2_Diabetes,Type 2 diabetes (T2D) (PheCode 250.2),0.6049,0.9075,0.3026,False
Type2_Diabetes,PGS004837,Type_2_Diabetes,Type 2 diabetes (T2D),0.6051,0.9075,0.3024,True
Type2_Diabetes,PGS004185,Type_2_Diabetes,Type 2 diabetes,0.6054,0.9075,0.3021,True
Type2_Diabetes,PGS005025,Type_2_Diabetes,Type 2 diabetes (T2D) (PheCode 250.2),0.6078,0.9075,0.2997,False
Type2_Diabetes,PGS005247,Type_2_Diabetes,Type 2 diabetes (T2D),0.6081,0.9075,0.2994,True
Type2_Diabetes,PGS000713,Type_2_Diabetes,Type 2 diabetes (T2D),0.6093,0.9075,0.2982,True
Type2_Diabetes,PGS000031,Type_2_Diabetes,Type 2 diabetes (T2D),0.6102,0.9075,0.2973,True
Type2_Diabetes,PGS004569,Type_2_Diabetes,Type 2 diabetes (T2D),0.6124,0.9075,0.2951,True
Type2_Diabetes,PGS004223,Type_2_Diabetes,Type 2 diabetes,0.6128,0.9075,0.2947,True
Type2_Diabetes,PGS002354,Type_2_Diabetes,Type 2 diabetes (T2D),0.613,0.9075,0.2945,True
Type2_Diabetes,PGS000804,Type_2_Diabetes,Type 2 diabetes (T2D),0.6137,0.9075,0.2938,True
Type2_Diabetes,PGS004923,Type_2_Diabetes,Type 2 diabetes (T2D),0.6146,0.9075,0.2929,True
Type2_Diabetes,PGS005033,Type_2_Diabetes,Type 2 diabetes (T2D) (PheCode 250.2),0.6155,0.9075,0.292,False
Type2_Diabetes,PGS004182,Type_2_Diabetes,Type 2 diabetes,0.616,0.9075,0.2915,True
Type2_Diabetes,PGS005328,Type_2_Diabetes,Type 2 Diabetes Mellitus,0.6162,0.9075,0.2913,True
Type2_Diabetes,PGS000805,Type_2_Diabetes,Type 2 diabetes (T2D),0.6175,0.9075,0.29,True
Type2_Diabetes,PGS003120,Type_2_Diabetes,Type 2 diabetes (T2D),0.6175,0.9075,0.29,True
Type2_Diabetes,PGS003121,Type_2_Diabetes,Type 2 diabetes (T2D),0.6175,0.9075,0.29,True
Type2_Diabetes,PGS003099,Type_2_Diabetes,Type 2 diabetes (T2D),0.6193,0.9075,0.2882,True
Type2_Diabetes,PGS004323,Type_2_Diabetes,Type 2 diabetes,0.6197,0.9075,0.2878,True
Type2_Diabetes,PGS005031,Type_2_Diabetes,Type 2 diabetes (T2D) (PheCode 250.2),0.6198,0.9075,0.2877,False
Type2_Diabetes,PGS003109,Type_2_Diabetes,Type 2 diabetes (T2D),0.62,0.9075,0.2875,True
Type2_Diabetes,PGS004499,Type_2_Diabetes,Type 2 diabetes (T2D),0.62,0.9075,0.2875,True
Type2_Diabetes,PGS005023,Type_2_Diabetes,Type 2 diabetes (T2D) (PheCode 250.2),0.6204,0.9075,0.2871,False
Type2_Diabetes,PGS004122,Type_2_Diabetes,Type 2 diabetes (T2D),0.6209,0.9075,0.2866,True
Type2_Diabetes,PGS005030,Type_2_Diabetes,Type 2 diabetes (T2D) (PheCode 250.2),0.6219,0.9075,0.2856,False
Type2_Diabetes,PGS002733,Type_2_Diabetes,Type 2 diabetes (T2D),0.6225,0.9075,0.285,True
Type2_Diabetes,PGS003114,Type_2_Diabetes,Type 2 diabetes (T2D),0.6236,0.9075,0.2839,True
Type2_Diabetes,PGS003867,Type_2_Diabetes,Type 2 diabetes (T2D),0.625,0.9075,0.2825,True
Type2_Diabetes,PGS003113,Type_2_Diabetes,Type 2 diabetes (T2D),0.6261,0.9075,0.2814,True
Type2_Diabetes,PGS004225,Type_2_Diabetes,Type 2 diabetes,0.6261,0.9075,0.2814,True
Type2_Diabetes,PGS003102,Type_2_Diabetes,Type 2 diabetes (T2D),0.6283,0.9075,0.2792,True
Type2_Diabetes,PGS003117,Type_2_Diabetes,Type 2 diabetes (T2D),0.6285,0.9075,0.279,True
Type2_Diabetes,PGS003752,Type_2_Diabetes,Type 2 diabetes (T2D),0.6301,0.9075,0.2774,True
Type2_Diabetes,PGS000712,Type_2_Diabetes,T2D (cases vs HbA1c filtered controls),0.6311,0.9075,0.2764,True
Type2_Diabetes,PGS005244,Type_2_Diabetes,Type 2 diabetes (T2D),0.6339,0.9075,0.2736,True
Type2_Diabetes,PGS002720,Type_2_Diabetes,Type 2 diabetes (T2D),0.6343,0.9075,0.2732,True
Type2_Diabetes,PGS003094,Type_2_Diabetes,Type 2 diabetes (T2D),0.6352,0.9075,0.2723,True
Type2_Diabetes,PGS003751,Type_2_Diabetes,Type 2 diabetes (T2D),0.6402,0.9075,0.2673,True
Type2_Diabetes,PGS001294,Type_2_Diabetes,Non-insulin-dependent diabetes (time-to-event),0.6412,0.9075,0.2663,True
Type2_Diabetes,PGS000852,Type_2_Diabetes,Type 2 diabetes (based on SNPs associated with insulin secretion),0.6424,0.9075,0.2651,True
Type2_Diabetes,PGS005242,Type_2_Diabetes,Type 2 diabetes (T2D),0.6437,0.9075,0.2638,True
Type2_Diabetes,PGS003098,Type_2_Diabetes,Type 2 diabetes (T2D),0.6452,0.9075,0.2623,True
Type2_Diabetes,PGS005327,Type_2_Diabetes,Type 2 Diabetes Mellitus,0.6463,0.9075,0.2612,True
Type2_Diabetes,PGS000808,Type_2_Diabetes,Type 2 diabetes (T2D),0.6484,0.9075,0.2591,True
Type2_Diabetes,PGS005115,Type_2_Diabetes,Type 2 diabetes (T2D),0.6493,0.9075,0.2582,True
Type2_Diabetes,PGS003118,Type_2_Diabetes,Type 2 diabetes (T2D),0.65,0.9075,0.2575,True
Type2_Diabetes,PGS004106,Type_2_Diabetes,Type 2 diabetes (T2D),0.6572,0.9075,0.2503,True
Type2_Diabetes,PGS004314,Type_2_Diabetes,Type 2 diabetes (T2D),0.6589,0.9075,0.2486,True
Type2_Diabetes,PGS002622,Type_2_Diabetes,Type 2 diabetes (T2D),0.6602,0.9075,0.2473,True
Type2_Diabetes,PGS003103,Type_2_Diabetes,Type 2 diabetes (T2D),0.6624,0.9075,0.2451,True
Type2_Diabetes,PGS004839,Type_2_Diabetes,Type 2 diabetes (T2D),0.6642,0.9075,0.2433,True
Type2_Diabetes,PGS000014,Type_2_Diabetes,Type 2 diabetes (T2D),0.6683,0.9075,0.2392,True
Type2_Diabetes,PGS004868,Type_2_Diabetes,Type 2 diabetes (T2D),0.6813,0.9075,0.2262,True
Type2_Diabetes,PGS000032,Type_2_Diabetes,Type 2 diabetes (based on SNPs involved in β-cell function),0.6885,0.9075,0.219,True
Type2_Diabetes,PGS003444,Type_2_Diabetes,Type 2 diabetes (T2D),0.6886,0.9075,0.2189,True
